{
  "timestamp": "2025-11-16T01:09:54.888760",
  "total_questions": 28,
  "successful_evaluations": 28,
  "aggregate_metrics": {
    "avg_hit_rate@1": 0.6428571428571429,
    "max_hit_rate@1": 1.0,
    "min_hit_rate@1": 0.0,
    "avg_hit_rate@3": 0.7857142857142857,
    "max_hit_rate@3": 1.0,
    "min_hit_rate@3": 0.0,
    "avg_hit_rate@5": 0.8571428571428571,
    "max_hit_rate@5": 1.0,
    "min_hit_rate@5": 0.0,
    "avg_mrr": 0.7226190476190476,
    "max_mrr": 1.0,
    "min_mrr": 0.0,
    "avg_precision@1": 0.6428571428571429,
    "max_precision@1": 1.0,
    "min_precision@1": 0.0,
    "avg_precision@3": 0.4404761904761904,
    "max_precision@3": 1.0,
    "min_precision@3": 0.0,
    "avg_precision@5": 0.3285714285714286,
    "max_precision@5": 0.8,
    "min_precision@5": 0.0,
    "avg_answer_coverage": 0.35714285714285715,
    "max_answer_coverage": 1.0,
    "min_answer_coverage": 0.0,
    "avg_latency_ms": 9078.298219612667,
    "max_latency_ms": 10407.862901687622,
    "min_latency_ms": 7811.426877975464,
    "total_questions": 28,
    "successful_questions": 28
  },
  "category_metrics": {
    "single_doc_fact": {
      "avg_hit_rate@1": 0.5,
      "max_hit_rate@1": 1.0,
      "min_hit_rate@1": 0.0,
      "avg_hit_rate@3": 0.7,
      "max_hit_rate@3": 1.0,
      "min_hit_rate@3": 0.0,
      "avg_hit_rate@5": 0.8,
      "max_hit_rate@5": 1.0,
      "min_hit_rate@5": 0.0,
      "avg_mrr": 0.6033333333333334,
      "max_mrr": 1.0,
      "min_mrr": 0.0,
      "avg_precision@1": 0.5,
      "max_precision@1": 1.0,
      "min_precision@1": 0.0,
      "avg_precision@3": 0.3333333333333333,
      "max_precision@3": 0.6666666666666666,
      "min_precision@3": 0.0,
      "avg_precision@5": 0.22000000000000003,
      "max_precision@5": 0.4,
      "min_precision@5": 0.0,
      "avg_answer_coverage": 0.6,
      "max_answer_coverage": 1.0,
      "min_answer_coverage": 0.0,
      "avg_latency_ms": 9162.989330291748,
      "max_latency_ms": 10407.862901687622,
      "min_latency_ms": 7885.71310043335,
      "total_questions": 10,
      "successful_questions": 10
    },
    "single_doc_context": {
      "avg_hit_rate@1": 0.875,
      "max_hit_rate@1": 1.0,
      "min_hit_rate@1": 0.0,
      "avg_hit_rate@3": 1.0,
      "max_hit_rate@3": 1.0,
      "min_hit_rate@3": 1.0,
      "avg_hit_rate@5": 1.0,
      "max_hit_rate@5": 1.0,
      "min_hit_rate@5": 1.0,
      "avg_mrr": 0.9375,
      "max_mrr": 1.0,
      "min_mrr": 0.5,
      "avg_precision@1": 0.875,
      "max_precision@1": 1.0,
      "min_precision@1": 0.0,
      "avg_precision@3": 0.6666666666666666,
      "max_precision@3": 1.0,
      "min_precision@3": 0.3333333333333333,
      "avg_precision@5": 0.5,
      "max_precision@5": 0.8,
      "min_precision@5": 0.2,
      "avg_answer_coverage": 0.5,
      "max_answer_coverage": 1.0,
      "min_answer_coverage": 0.0,
      "avg_latency_ms": 8517.775446176529,
      "max_latency_ms": 9837.295055389404,
      "min_latency_ms": 7811.426877975464,
      "total_questions": 8,
      "successful_questions": 8
    },
    "single_doc_multi_period": {
      "avg_hit_rate@1": 0.6666666666666666,
      "max_hit_rate@1": 1.0,
      "min_hit_rate@1": 0.0,
      "avg_hit_rate@3": 0.6666666666666666,
      "max_hit_rate@3": 1.0,
      "min_hit_rate@3": 0.0,
      "avg_hit_rate@5": 0.8333333333333334,
      "max_hit_rate@5": 1.0,
      "min_hit_rate@5": 0.0,
      "avg_mrr": 0.7000000000000001,
      "max_mrr": 1.0,
      "min_mrr": 0.0,
      "avg_precision@1": 0.6666666666666666,
      "max_precision@1": 1.0,
      "min_precision@1": 0.0,
      "avg_precision@3": 0.27777777777777773,
      "max_precision@3": 0.6666666666666666,
      "min_precision@3": 0.0,
      "avg_precision@5": 0.19999999999999998,
      "max_precision@5": 0.4,
      "min_precision@5": 0.0,
      "avg_answer_coverage": 0.0,
      "max_answer_coverage": 0.0,
      "min_answer_coverage": 0.0,
      "avg_latency_ms": 9243.690888086954,
      "max_latency_ms": 9947.411298751831,
      "min_latency_ms": 8577.842950820923,
      "total_questions": 6,
      "successful_questions": 6
    },
    "cross_doc_fact": {
      "avg_hit_rate@1": 0.5,
      "max_hit_rate@1": 1.0,
      "min_hit_rate@1": 0.0,
      "avg_hit_rate@3": 0.75,
      "max_hit_rate@3": 1.0,
      "min_hit_rate@3": 0.0,
      "avg_hit_rate@5": 0.75,
      "max_hit_rate@5": 1.0,
      "min_hit_rate@5": 0.0,
      "avg_mrr": 0.625,
      "max_mrr": 1.0,
      "min_mrr": 0.0,
      "avg_precision@1": 0.5,
      "max_precision@1": 1.0,
      "min_precision@1": 0.0,
      "avg_precision@3": 0.5,
      "max_precision@3": 0.6666666666666666,
      "min_precision@3": 0.0,
      "avg_precision@5": 0.45,
      "max_precision@5": 0.8,
      "min_precision@5": 0.0,
      "avg_answer_coverage": 0.0,
      "max_answer_coverage": 0.0,
      "min_answer_coverage": 0.0,
      "avg_latency_ms": 9739.526987075806,
      "max_latency_ms": 10003.652811050415,
      "min_latency_ms": 9440.392971038818,
      "total_questions": 4,
      "successful_questions": 4
    }
  },
  "detailed_results": [
    {
      "hit_rate@1": 1.0,
      "hit_rate@3": 1.0,
      "hit_rate@5": 1.0,
      "mrr": 1.0,
      "precision@1": 1.0,
      "precision@3": 0.3333333333333333,
      "precision@5": 0.2,
      "answer_coverage": 1.0,
      "latency_ms": 10259.472846984863,
      "question_id": "AAPL_fact_rev_2024",
      "category": "single_doc_fact",
      "retrieved_sources": [
        "raw_10-K_2025.htm",
        "raw_10-K_2024.htm",
        "raw_10-Q_2025_Q2.htm"
      ]
    },
    {
      "hit_rate@1": 1.0,
      "hit_rate@3": 1.0,
      "hit_rate@5": 1.0,
      "mrr": 1.0,
      "precision@1": 1.0,
      "precision@3": 0.3333333333333333,
      "precision@5": 0.2,
      "answer_coverage": 1.0,
      "latency_ms": 8371.624946594238,
      "question_id": "AAPL_fact_rev_2025",
      "category": "single_doc_fact",
      "retrieved_sources": [
        "raw_10-K_2025.htm",
        "raw_10-Q_2025_Q2.htm",
        "raw_10-Q_2025_Q1.htm"
      ]
    },
    {
      "hit_rate@1": 0.0,
      "hit_rate@3": 0.0,
      "hit_rate@5": 0.0,
      "mrr": 0.0,
      "precision@1": 0.0,
      "precision@3": 0.0,
      "precision@5": 0.0,
      "answer_coverage": 0.0,
      "latency_ms": 10407.862901687622,
      "question_id": "AAPL_fact_netincome_2024",
      "category": "single_doc_fact",
      "retrieved_sources": [
        "raw_10-K_2024.htm",
        "raw_10-Q_2025_Q1.htm",
        "raw_10-Q_2025_Q3.htm"
      ]
    },
    {
      "hit_rate@1": 0.0,
      "hit_rate@3": 1.0,
      "hit_rate@5": 1.0,
      "mrr": 0.3333333333333333,
      "precision@1": 0.0,
      "precision@3": 0.3333333333333333,
      "precision@5": 0.2,
      "answer_coverage": 0.0,
      "latency_ms": 8727.575063705444,
      "question_id": "AAPL_fact_netincome_2025",
      "category": "single_doc_fact",
      "retrieved_sources": [
        "raw_10-Q_2025_Q3.htm",
        "raw_10-Q_2025_Q1.htm",
        "raw_10-K_2025.htm"
      ]
    },
    {
      "hit_rate@1": 1.0,
      "hit_rate@3": 1.0,
      "hit_rate@5": 1.0,
      "mrr": 1.0,
      "precision@1": 1.0,
      "precision@3": 0.3333333333333333,
      "precision@5": 0.2,
      "answer_coverage": 1.0,
      "latency_ms": 10315.535068511963,
      "question_id": "AAPL_fact_servicesrev_2025",
      "category": "single_doc_fact",
      "retrieved_sources": [
        "raw_10-K_2025.htm",
        "Unknown",
        "raw_10-Q_2025_Q1.htm"
      ]
    },
    {
      "hit_rate@1": 1.0,
      "hit_rate@3": 1.0,
      "hit_rate@5": 1.0,
      "mrr": 1.0,
      "precision@1": 1.0,
      "precision@3": 0.6666666666666666,
      "precision@5": 0.4,
      "answer_coverage": 0.0,
      "latency_ms": 8791.566133499146,
      "question_id": "AAPL_fact_iphonerev_2025",
      "category": "single_doc_fact",
      "retrieved_sources": [
        "raw_10-K_2025.htm",
        "raw_10-K_2025.htm",
        "Unknown"
      ]
    },
    {
      "hit_rate@1": 0.0,
      "hit_rate@3": 0.0,