{
  "timestamp": "2025-11-15T23:23:06.735417",
  "total_questions": 28,
  "successful_evaluations": 28,
  "aggregate_metrics": {
    "avg_hit_rate@1": 0.17857142857142858,
    "max_hit_rate@1": 1.0,
    "min_hit_rate@1": 0.0,
    "avg_hit_rate@3": 0.42857142857142855,
    "max_hit_rate@3": 1.0,
    "min_hit_rate@3": 0.0,
    "avg_hit_rate@5": 0.6071428571428571,
    "max_hit_rate@5": 1.0,
    "min_hit_rate@5": 0.0,
    "avg_mrr": 0.32500000000000007,
    "max_mrr": 1.0,
    "min_mrr": 0.0,
    "avg_precision@1": 0.17857142857142858,
    "max_precision@1": 1.0,
    "min_precision@1": 0.0,
    "avg_precision@3": 0.2261904761904762,
    "max_precision@3": 1.0,
    "min_precision@3": 0.0,
    "avg_precision@5": 0.20714285714285713,
    "max_precision@5": 0.8,
    "min_precision@5": 0.0,
    "avg_answer_coverage": 0.2857142857142857,
    "max_answer_coverage": 1.0,
    "min_answer_coverage": 0.0,
    "avg_latency_ms": 224.26359142575944,
    "max_latency_ms": 1995.0191974639893,
    "min_latency_ms": 82.60679244995117,
    "total_questions": 28,
    "successful_questions": 28
  },
  "category_metrics": {
    "single_doc_fact": {
      "avg_hit_rate@1": 0.0,
      "max_hit_rate@1": 0.0,
      "min_hit_rate@1": 0.0,
      "avg_hit_rate@3": 0.2,
      "max_hit_rate@3": 1.0,
      "min_hit_rate@3": 0.0,
      "avg_hit_rate@5": 0.4,
      "max_hit_rate@5": 1.0,
      "min_hit_rate@5": 0.0,
      "avg_mrr": 0.12333333333333334,
      "max_mrr": 0.5,
      "min_mrr": 0.0,
      "avg_precision@1": 0.0,
      "max_precision@1": 0.0,
      "min_precision@1": 0.0,
      "avg_precision@3": 0.06666666666666667,
      "max_precision@3": 0.3333333333333333,
      "min_precision@3": 0.0,
      "avg_precision@5": 0.1,
      "max_precision@5": 0.4,
      "min_precision@5": 0.0,
      "avg_answer_coverage": 0.4,
      "max_answer_coverage": 1.0,
      "min_answer_coverage": 0.0,
      "avg_latency_ms": 347.3866939544678,
      "max_latency_ms": 1995.0191974639893,
      "min_latency_ms": 86.07888221740723,
      "total_questions": 10,
      "successful_questions": 10
    },
    "single_doc_context": {
      "avg_hit_rate@1": 0.25,
      "max_hit_rate@1": 1.0,
      "min_hit_rate@1": 0.0,
      "avg_hit_rate@3": 0.5,
      "max_hit_rate@3": 1.0,
      "min_hit_rate@3": 0.0,
      "avg_hit_rate@5": 0.75,
      "max_hit_rate@5": 1.0,
      "min_hit_rate@5": 0.0,
      "avg_mrr": 0.41041666666666665,
      "max_mrr": 1.0,
      "min_mrr": 0.0,
      "avg_precision@1": 0.25,
      "max_precision@1": 1.0,
      "min_precision@1": 0.0,
      "avg_precision@3": 0.25,
      "max_precision@3": 0.6666666666666666,
      "min_precision@3": 0.0,
      "avg_precision@5": 0.25,
      "max_precision@5": 0.4,
      "min_precision@5": 0.0,
      "avg_answer_coverage": 0.5,
      "max_answer_coverage": 1.0,
      "min_answer_coverage": 0.0,
      "avg_latency_ms": 160.1017415523529,
      "max_latency_ms": 236.98711395263672,
      "min_latency_ms": 88.17172050476074,
      "total_questions": 8,
      "successful_questions": 8
    },
    "single_doc_multi_period": {
      "avg_hit_rate@1": 0.0,
      "max_hit_rate@1": 0.0,
      "min_hit_rate@1": 0.0,
      "avg_hit_rate@3": 0.3333333333333333,
      "max_hit_rate@3": 1.0,
      "min_hit_rate@3": 0.0,
      "avg_hit_rate@5": 0.5,
      "max_hit_rate@5": 1.0,
      "min_hit_rate@5": 0.0,
      "avg_mrr": 0.18055555555555555,
      "max_mrr": 0.5,
      "min_mrr": 0.0,
      "avg_precision@1": 0.0,
      "max_precision@1": 0.0,
      "min_precision@1": 0.0,
      "avg_precision@3": 0.1111111111111111,
      "max_precision@3": 0.3333333333333333,
      "min_precision@3": 0.0,
      "avg_precision@5": 0.10000000000000002,
      "max_precision@5": 0.2,
      "min_precision@5": 0.0,
      "avg_answer_coverage": 0.0,
      "max_answer_coverage": 0.0,
      "min_answer_coverage": 0.0,
      "avg_latency_ms": 146.91110452016196,
      "max_latency_ms": 303.45797538757324,
      "min_latency_ms": 85.01386642456055,
      "total_questions": 6,
      "successful_questions": 6
    },
    "cross_doc_fact": {
      "avg_hit_rate@1": 0.75,
      "max_hit_rate@1": 1.0,
      "min_hit_rate@1": 0.0,
      "avg_hit_rate@3": 1.0,
      "max_hit_rate@3": 1.0,
      "min_hit_rate@3": 1.0,
      "avg_hit_rate@5": 1.0,
      "max_hit_rate@5": 1.0,
      "min_hit_rate@5": 1.0,
      "avg_mrr": 0.875,
      "max_mrr": 1.0,
      "min_mrr": 0.5,
      "avg_precision@1": 0.75,
      "max_precision@1": 1.0,
      "min_precision@1": 0.0,
      "avg_precision@3": 0.75,
      "max_precision@3": 1.0,
      "min_precision@3": 0.3333333333333333,
      "avg_precision@5": 0.55,
      "max_precision@5": 0.8,
      "min_precision@5": 0.2,
      "avg_answer_coverage": 0.0,
      "max_answer_coverage": 0.0,
      "min_answer_coverage": 0.0,
      "avg_latency_ms": 160.808265209198,
      "max_latency_ms": 239.17913436889648,
      "min_latency_ms": 82.60679244995117,
      "total_questions": 4,
      "successful_questions": 4
    }
  },
  "detailed_results": [
    {
      "hit_rate@1": 0.0,
      "hit_rate@3": 0.0,
      "hit_rate@5": 0.0,
      "mrr": 0.0,
      "precision@1": 0.0,
      "precision@3": 0.0,
      "precision@5": 0.0,
      "answer_coverage": 0.0,
      "latency_ms": 1995.0191974639893,
      "question_id": "AAPL_fact_rev_2024",
      "category": "single_doc_fact",
      "retrieved_sources": [
        "Unknown",
        "raw_10-Q_2024_Q1.htm",
        "raw_10-K_2024.htm"
      ]
    },
    {
      "hit_rate@1": 0.0,
      "hit_rate@3": 0.0,
      "hit_rate@5": 0.0,
      "mrr": 0.0,
      "precision@1": 0.0,
      "precision@3": 0.0,
      "precision@5": 0.0,
      "answer_coverage": 0.0,
      "latency_ms": 156.53133392333984,
      "question_id": "AAPL_fact_rev_2025",
      "category": "single_doc_fact",
      "retrieved_sources": [
        "raw_10-Q_2025_Q1.htm",
        "raw_10-Q_2025_Q2.htm",
        "raw_10-Q_2025_Q2.htm"
      ]
    },
    {
      "hit_rate@1": 0.0,
      "hit_rate@3": 0.0,
      "hit_rate@5": 0.0,
      "mrr": 0.0,
      "precision@1": 0.0,
      "precision@3": 0.0,
      "precision@5": 0.0,
      "answer_coverage": 0.0,
      "latency_ms": 240.09227752685547,
      "question_id": "AAPL_fact_netincome_2024",
      "category": "single_doc_fact",
      "retrieved_sources": [
        "raw_10-K_2024.htm",
        "raw_10-Q_2024_Q1.htm",
        "raw_10-Q_2025_Q1.htm"
      ]
    },
    {
      "hit_rate@1": 0.0,
      "hit_rate@3": 0.0,
      "hit_rate@5": 1.0,
      "mrr": 0.2,
      "precision@1": 0.0,
      "precision@3": 0.0,
      "precision@5": 0.2,
      "answer_coverage": 1.0,
      "latency_ms": 92.75197982788086,
      "question_id": "AAPL_fact_netincome_2025",
      "category": "single_doc_fact",
      "retrieved_sources": [
        "Unknown",
        "raw_10-K_2024.htm",
        "raw_10-Q_2025_Q1.htm"
      ]
    },
    {
      "hit_rate@1": 0.0,
      "hit_rate@3": 0.0,
      "hit_rate@5": 0.0,
      "mrr": 0.0,
      "precision@1": 0.0,
      "precision@3": 0.0,
      "precision@5": 0.0,
      "answer_coverage": 0.0,
      "latency_ms": 237.18714714050293,
      "question_id": "AAPL_fact_servicesrev_2025",
      "category": "single_doc_fact",
      "retrieved_sources": [
        "Unknown",
        "raw_10-Q_2025_Q1.htm",
        "Unknown"
      ]
    },
    {
      "hit_rate@1": 0.0,
      "hit_rate@3": 0.0,
      "hit_rate@5": 0.0,
      "mrr": 0.0,
      "precision@1": 0.0,
      "precision@3": 0.0,
      "precision@5": 0.0,
      "answer_coverage": 0.0,
      "latency_ms": 87.28504180908203,
      "question_id": "AAPL_fact_iphonerev_2025",
      "category": "single_doc_fact",
      "retrieved_sources": [
        "Unknown",
        "raw_10-Q_2025_Q1.htm",
        "raw_10-Q_2025_Q2.htm"
      ]
    },
    {
      "hit_rate@1": 0.0,
      "hit_rate@3": 0.0,
      "hit_rate@5": 1.0,
      "mrr": 0.2,
      "precision@1": 0.0,
      "precision@3": 0.0,
      "precision@5": 0.2,
      "answer_coverage": 1.0,